Model,RMSE,R2
Baseline,297435.69255243114,0.0
Linear Regression,200170.29448405752,0.5394551964392649
Random Forest,152761.02642159615,0.7317759190945257
